job_id,company,position
fb87a749af9f5f0b,PwC,"Financial Crimes, Data Scientist"
4acf024bfa44995e,,Data Plane Engineer
58b96ddcb4f5d880,Dave & Buster's,Senior Data Analyst
f18249c43b9a4526,Essilor,Sr. Data Analyst
7ea14326336847f1,The Hartford,Senior Data Scientist
04b6d2c611eed9b5,Sam's Club,Principal Data Scientist
9fdf7ea747d3c318,,Sr. Finance Data Analyst - Allocations
b5a07a770260ec4c,Child Care Group,"Senior Data Analyst, Insights and Compliance"
5a670980e5ae4086,PRICE WATERHOUSE COOPERS,Deals Technology & Data Solutions - Sr. Manager
bb936f6b2d0e1a2f,The Coca-Cola Company,Data Scientist 1
b63c26919d0c49fa,LOCKHEED MARTIN CORPORATION,Data Scientist
9e7e51f6a28435fd,Amazon.com Services LLC,"Principal Product Mgr - Tech, AET Data, Analytics, and Science - Application Engineering"
931dee7bef1786eb,The Coca-Cola Company,Senior ML Engineer
7d9909d4caa82c17,Fisher Investments,Data Science Associate
9d91c82ac922ca95,,Artificial Intelligence & Machine Learning Engineer
fb87a749af9f5f0b,PwC,"Financial Crimes, Data Scientist"
4acf024bfa44995e,,Data Plane Engineer
58b96ddcb4f5d880,Dave & Buster's,Senior Data Analyst
f18249c43b9a4526,Essilor,Sr. Data Analyst
7ea14326336847f1,The Hartford,Senior Data Scientist
04b6d2c611eed9b5,Sam's Club,Principal Data Scientist
9fdf7ea747d3c318,,Sr. Finance Data Analyst - Allocations
b5a07a770260ec4c,Child Care Group,"Senior Data Analyst, Insights and Compliance"
bb936f6b2d0e1a2f,The Coca-Cola Company,Data Scientist 1
b63c26919d0c49fa,LOCKHEED MARTIN CORPORATION,Data Scientist
9e7e51f6a28435fd,Amazon.com Services LLC,"Principal Product Mgr - Tech, AET Data, Analytics, and Science - Application Engineering"
931dee7bef1786eb,The Coca-Cola Company,Senior ML Engineer
7d9909d4caa82c17,Fisher Investments,Data Science Associate
9d91c82ac922ca95,,Artificial Intelligence & Machine Learning Engineer
fea96d9f18f6a037,Bank of America,Fraud Senior Data Scientist
51912adc1d50be8d,UT Southwestern,"Department Data Analyst Sr, Accreditation and Policy Mgmt"
bbe2df5949efcaef,Epsilon,Senior Data Analyst
c4f6ce9d845f1ef8,WELLS FARGO BANK,Senior Quantitative Analytics Specialist - Operational Risk Modeling
9b018af12b14f8cb,Tricolor Auto Group,Jr. Data Scientist
167b01eb8dc191f3,Automation Anywhere,Data Quality Analyst
0bb2bb79e1c5de46,Palo Alto Networks,Business Operations Analyst- Cloud & AI
b0a3eea6cb305d52,,Collections/credit/Financial Analyst
37bf48f18f010ac6,Radiant Systems Inc,Financial Analyst
5d7200c4e09b2140,Ericsson,SON AI/ML Engineer
56596999107a7faa,,Senior Environmental Data Analyst
9009cf58feb1b93e,"EmployBridge, LLC",Lead Data Scientist (100% Remote)
14cbc564112b0eee,Neiman Marcus,Sr Data Scientist
8d4ff0279e0c5e9e,Anthem,Medicare Risk Adjustment (MRA) Data Scientist
dac97ae1c199b959,mroads,Data Science/Machine Learning Engineer
fdfc92ac4ce70ea3,"JPMorgan Chase Bank, N.A.",Sr. Business/Data Analyst
